Employee Category ,Year,Month,Type,Total_Strength
OMANI,1980,July     ,IN,1
LABOUR,1992,March    ,IN,1
LABOUR,1994,July     ,IN,1
STAFF,1994,July     ,IN,1
LABOUR,1995,December ,IN,2
LABOUR,1995,October  ,IN,1
STAFF,1995,March    ,IN,2
STAFF,1995,October  ,IN,1
LABOUR,1997,August   ,IN,3
LABOUR,1997,December ,IN,1
LABOUR,1997,January  ,IN,1
LABOUR,1997,July     ,IN,3
LABOUR,1997,March    ,IN,1
LABOUR,1997,October  ,IN,1
LABOUR,1997,September,IN,5
STAFF,1997,August   ,IN,3
STAFF,1997,July     ,IN,1
LABOUR,1998,August   ,IN,13
LABOUR,1998,January  ,IN,1
LABOUR,1998,January  ,OUT,1
LABOUR,1998,July     ,IN,13
LABOUR,1998,June     ,IN,10
LABOUR,1998,May      ,IN,8
LABOUR,1998,October  ,IN,4
LABOUR,1998,September,IN,1
STAFF,1998,August   ,IN,1
STAFF,1998,July     ,IN,5
STAFF,1998,June     ,IN,1
STAFF,1998,May      ,IN,1
STAFF,1998,October  ,IN,1
LABOUR,1999,April    ,OUT,3
LABOUR,1999,December ,OUT,1
LABOUR,1999,September,OUT,1
STAFF,1999,November ,IN,1
LABOUR,2000,April    ,IN,6
LABOUR,2000,August   ,IN,28
LABOUR,2000,August   ,OUT,1
LABOUR,2000,December ,IN,1
LABOUR,2000,February ,IN,8
LABOUR,2000,February ,OUT,1
LABOUR,2000,July     ,IN,19
LABOUR,2000,March    ,IN,10
LABOUR,2000,May      ,IN,1
LABOUR,2000,November ,IN,5
LABOUR,2000,November ,OUT,3
LABOUR,2000,October  ,IN,2
LABOUR,2000,September,IN,12
OMANI,2000,October  ,IN,2
STAFF,2000,August   ,IN,2
STAFF,2000,February ,IN,2
STAFF,2000,June     ,IN,1
STAFF,2000,March    ,IN,3
STAFF,2000,October  ,IN,1
STAFF,2000,September,IN,2
LABOUR,2001,April    ,IN,12
LABOUR,2001,August   ,OUT,1
LABOUR,2001,December ,OUT,6
LABOUR,2001,February ,IN,7
LABOUR,2001,January  ,IN,10
LABOUR,2001,July     ,OUT,1
LABOUR,2001,March    ,IN,11
LABOUR,2001,May      ,IN,1
LABOUR,2001,May      ,OUT,1
LABOUR,2001,October  ,IN,1
LABOUR,2001,October  ,OUT,4
LABOUR,2001,September,OUT,2
STAFF,2001,April    ,IN,1
STAFF,2001,February ,IN,1
LABOUR,2002,August   ,IN,2
LABOUR,2002,August   ,OUT,1
LABOUR,2002,February ,OUT,3
LABOUR,2002,January  ,OUT,5
LABOUR,2002,July     ,IN,4
LABOUR,2002,June     ,IN,5
LABOUR,2002,June     ,OUT,2
LABOUR,2002,March    ,OUT,1
LABOUR,2002,May      ,IN,9
LABOUR,2002,May      ,OUT,1
LABOUR,2002,November ,OUT,2
LABOUR,2002,October  ,OUT,5
STAFF,2002,April    ,IN,1
STAFF,2002,August   ,IN,3
STAFF,2002,July     ,IN,9
STAFF,2002,June     ,IN,4
STAFF,2002,May      ,IN,6
LABOUR,2003,August   ,IN,27
LABOUR,2003,August   ,OUT,1
LABOUR,2003,February ,OUT,2
LABOUR,2003,January  ,IN,2
LABOUR,2003,January  ,OUT,1
LABOUR,2003,July     ,IN,22
LABOUR,2003,July     ,OUT,2
LABOUR,2003,June     ,IN,19
LABOUR,2003,May      ,IN,2
LABOUR,2003,November ,IN,2
LABOUR,2003,October  ,IN,4
LABOUR,2003,September,IN,22
LABOUR,2003,September,OUT,4
OMANI,2003,June     ,IN,1
STAFF,2003,August   ,IN,1
STAFF,2003,July     ,IN,4
STAFF,2003,June     ,IN,3
STAFF,2003,November ,IN,6
STAFF,2003,September,IN,2
LABOUR,2004,April    ,IN,1
LABOUR,2004,August   ,IN,1
LABOUR,2004,December ,IN,16
LABOUR,2004,December ,OUT,1
LABOUR,2004,February ,IN,45
LABOUR,2004,January  ,IN,2
LABOUR,2004,July     ,IN,3
LABOUR,2004,June     ,IN,2
LABOUR,2004,June     ,OUT,1
LABOUR,2004,March    ,IN,15
LABOUR,2004,May      ,OUT,1
LABOUR,2004,November ,IN,7
LABOUR,2004,October  ,IN,3
LABOUR,2004,October  ,OUT,1
LABOUR,2004,September,IN,3
LABOUR,2004,September,OUT,2
OMANI,2004,February ,IN,1
STAFF,2004,April    ,IN,1
STAFF,2004,January  ,IN,1
STAFF,2004,July     ,IN,1
STAFF,2004,June     ,IN,4
STAFF,2004,October  ,IN,1
STAFF,2004,September,IN,3
LABOUR,2005,April    ,IN,21
LABOUR,2005,April    ,OUT,1
LABOUR,2005,August   ,IN,35
LABOUR,2005,August   ,OUT,3
LABOUR,2005,December ,IN,17
LABOUR,2005,December ,OUT,4
LABOUR,2005,February ,IN,4
LABOUR,2005,January  ,IN,19
LABOUR,2005,July     ,IN,10
LABOUR,2005,June     ,IN,4
LABOUR,2005,June     ,OUT,1
LABOUR,2005,March    ,IN,3
LABOUR,2005,March    ,OUT,1
LABOUR,2005,May      ,IN,19
LABOUR,2005,May      ,OUT,4
LABOUR,2005,November ,IN,32
LABOUR,2005,November ,OUT,4
LABOUR,2005,October  ,IN,124
LABOUR,2005,October  ,OUT,5
LABOUR,2005,September,IN,87
LABOUR,2005,September,OUT,2
OMANI,2005,December ,IN,1
OMANI,2005,March    ,IN,3
OMANI,2005,May      ,IN,1
OMANI,2005,October  ,IN,2
OMANI,2005,September,IN,2
STAFF,2005,April    ,IN,2
STAFF,2005,August   ,IN,5
STAFF,2005,December ,IN,3
STAFF,2005,February ,IN,1
STAFF,2005,January  ,IN,1
STAFF,2005,July     ,IN,3
STAFF,2005,June     ,IN,9
STAFF,2005,March    ,IN,3
STAFF,2005,May      ,IN,3
STAFF,2005,November ,IN,5
STAFF,2005,October  ,IN,4
STAFF,2005,September,IN,10
LABOUR,2006,April    ,IN,25
LABOUR,2006,April    ,OUT,11
LABOUR,2006,August   ,IN,18
LABOUR,2006,August   ,OUT,14
LABOUR,2006,December ,IN,61
LABOUR,2006,December ,OUT,9
LABOUR,2006,February ,IN,52
LABOUR,2006,February ,OUT,10
LABOUR,2006,January  ,IN,32
LABOUR,2006,January  ,OUT,7
LABOUR,2006,July     ,IN,27
LABOUR,2006,July     ,OUT,14
LABOUR,2006,June     ,IN,18
LABOUR,2006,June     ,OUT,8
LABOUR,2006,March    ,IN,48
LABOUR,2006,March    ,OUT,8
LABOUR,2006,May      ,IN,30
LABOUR,2006,May      ,OUT,6
LABOUR,2006,November ,IN,42
LABOUR,2006,November ,OUT,7
LABOUR,2006,October  ,IN,19
LABOUR,2006,October  ,OUT,8
LABOUR,2006,September,IN,27
LABOUR,2006,September,OUT,12
OMANI,2006,January  ,IN,1
OMANI,2006,November ,IN,4
OMANI,2006,October  ,IN,1
STAFF,2006,April    ,IN,3
STAFF,2006,August   ,IN,2
STAFF,2006,December ,IN,8
STAFF,2006,December ,OUT,1
STAFF,2006,February ,IN,4
STAFF,2006,February ,OUT,1
STAFF,2006,January  ,IN,3
STAFF,2006,July     ,IN,1
STAFF,2006,June     ,IN,3
STAFF,2006,March    ,IN,3
STAFF,2006,May      ,IN,3
STAFF,2006,May      ,OUT,1
STAFF,2006,November ,IN,7
STAFF,2006,October  ,IN,3
STAFF,2006,September,IN,3
LABOUR,2007,April    ,IN,54
LABOUR,2007,April    ,OUT,24
LABOUR,2007,August   ,IN,22
LABOUR,2007,August   ,OUT,23
LABOUR,2007,December ,IN,25
LABOUR,2007,December ,OUT,5
LABOUR,2007,February ,IN,96
LABOUR,2007,February ,OUT,8
LABOUR,2007,January  ,IN,97
LABOUR,2007,January  ,OUT,10
LABOUR,2007,July     ,IN,10
LABOUR,2007,July     ,OUT,22
LABOUR,2007,June     ,IN,9
LABOUR,2007,June     ,OUT,18
LABOUR,2007,March    ,IN,103
LABOUR,2007,March    ,OUT,14
LABOUR,2007,May      ,IN,27
LABOUR,2007,May      ,OUT,16
LABOUR,2007,November ,IN,41
LABOUR,2007,November ,OUT,12
LABOUR,2007,October  ,IN,19
LABOUR,2007,October  ,OUT,10
LABOUR,2007,September,IN,32
LABOUR,2007,September,OUT,21
OMANI,2007,April    ,IN,1
OMANI,2007,August   ,IN,2
OMANI,2007,December ,IN,4
OMANI,2007,January  ,IN,1
OMANI,2007,July     ,IN,1
OMANI,2007,June     ,IN,1
OMANI,2007,March    ,IN,1
OMANI,2007,May      ,IN,2
OMANI,2007,November ,IN,2
OMANI,2007,October  ,IN,2
OMANI,2007,September,IN,1
STAFF,2007,April    ,IN,5
STAFF,2007,April    ,OUT,2
STAFF,2007,August   ,IN,4
STAFF,2007,December ,IN,12
STAFF,2007,December ,OUT,1
STAFF,2007,February ,IN,10
STAFF,2007,February ,OUT,1
STAFF,2007,January  ,IN,5
STAFF,2007,July     ,IN,1
STAFF,2007,July     ,OUT,1
STAFF,2007,June     ,IN,2
STAFF,2007,June     ,OUT,2
STAFF,2007,March    ,IN,10
STAFF,2007,May      ,IN,2
STAFF,2007,May      ,OUT,1
STAFF,2007,November ,IN,8
STAFF,2007,October  ,IN,3
STAFF,2007,October  ,OUT,1
STAFF,2007,September,IN,5
STAFF,2007,September,OUT,5
LABOUR,2008,April    ,IN,44
LABOUR,2008,April    ,OUT,12
LABOUR,2008,August   ,IN,14
LABOUR,2008,December ,IN,54
LABOUR,2008,February ,IN,67
LABOUR,2008,February ,OUT,8
LABOUR,2008,January  ,IN,46
LABOUR,2008,January  ,OUT,8
LABOUR,2008,July     ,IN,36
LABOUR,2008,June     ,IN,89
LABOUR,2008,June     ,OUT,4
LABOUR,2008,March    ,IN,63
LABOUR,2008,March    ,OUT,6
LABOUR,2008,May      ,IN,84
LABOUR,2008,November ,IN,54
LABOUR,2008,October  ,IN,42
LABOUR,2008,September,IN,5
OMANI,2008,April    ,IN,7
OMANI,2008,August   ,IN,4
OMANI,2008,December ,IN,1
OMANI,2008,February ,IN,1
OMANI,2008,January  ,IN,3
OMANI,2008,July     ,IN,1
OMANI,2008,June     ,IN,2
OMANI,2008,March    ,IN,5
OMANI,2008,May      ,IN,2
OMANI,2008,November ,IN,16
OMANI,2008,October  ,IN,14
OMANI,2008,September,IN,11
STAFF,2008,April    ,IN,11
STAFF,2008,April    ,OUT,1
STAFF,2008,August   ,IN,4
STAFF,2008,December ,IN,3
STAFF,2008,February ,IN,13
STAFF,2008,February ,OUT,1
STAFF,2008,January  ,IN,10
STAFF,2008,July     ,IN,11
STAFF,2008,June     ,IN,10
STAFF,2008,March    ,IN,14
STAFF,2008,March    ,OUT,2
STAFF,2008,May      ,IN,15
STAFF,2008,November ,IN,15
STAFF,2008,October  ,IN,11
STAFF,2008,September,IN,1
LABOUR,2009,April    ,IN,20
LABOUR,2009,April    ,OUT,6
LABOUR,2009,August   ,IN,19
LABOUR,2009,August   ,OUT,18
LABOUR,2009,December ,IN,219
LABOUR,2009,December ,OUT,9
LABOUR,2009,February ,IN,22
LABOUR,2009,February ,OUT,1
LABOUR,2009,January  ,IN,35
LABOUR,2009,July     ,IN,21
LABOUR,2009,July     ,OUT,18
LABOUR,2009,June     ,IN,19
LABOUR,2009,June     ,OUT,10
LABOUR,2009,March    ,IN,24
LABOUR,2009,March    ,OUT,9
LABOUR,2009,May      ,IN,17
LABOUR,2009,May      ,OUT,10
LABOUR,2009,November ,IN,9
LABOUR,2009,November ,OUT,20
LABOUR,2009,October  ,IN,24
LABOUR,2009,October  ,OUT,15
LABOUR,2009,September,IN,2
LABOUR,2009,September,OUT,17
OMANI,2009,April    ,IN,5
OMANI,2009,August   ,IN,8
OMANI,2009,December ,IN,77
OMANI,2009,February ,IN,4
OMANI,2009,January  ,IN,5
OMANI,2009,July     ,IN,8
OMANI,2009,June     ,IN,4
OMANI,2009,March    ,IN,3
OMANI,2009,May      ,IN,11
OMANI,2009,November ,IN,50
OMANI,2009,October  ,IN,24
OMANI,2009,September,IN,11
STAFF,2009,April    ,IN,2
STAFF,2009,April    ,OUT,1
STAFF,2009,August   ,IN,3
STAFF,2009,December ,IN,14
STAFF,2009,December ,OUT,1
STAFF,2009,February ,IN,5
STAFF,2009,January  ,IN,8
STAFF,2009,July     ,IN,4
STAFF,2009,March    ,IN,3
STAFF,2009,May      ,IN,3
STAFF,2009,May      ,OUT,1
STAFF,2009,November ,IN,2
STAFF,2009,October  ,IN,2
STAFF,2009,September,IN,5
STAFF,2009,September,OUT,1
LABOUR,2010,April    ,IN,20
LABOUR,2010,April    ,OUT,27
LABOUR,2010,August   ,IN,58
LABOUR,2010,August   ,OUT,24
LABOUR,2010,December ,IN,68
LABOUR,2010,December ,OUT,22
LABOUR,2010,February ,IN,67
LABOUR,2010,February ,OUT,13
LABOUR,2010,January  ,IN,133
LABOUR,2010,January  ,OUT,488
LABOUR,2010,July     ,IN,124
LABOUR,2010,July     ,OUT,30
LABOUR,2010,June     ,IN,72
LABOUR,2010,June     ,OUT,25
LABOUR,2010,March    ,IN,33
LABOUR,2010,March    ,OUT,27
LABOUR,2010,May      ,IN,66
LABOUR,2010,May      ,OUT,31
LABOUR,2010,November ,IN,78
LABOUR,2010,November ,OUT,23
LABOUR,2010,October  ,IN,179
LABOUR,2010,October  ,OUT,19
LABOUR,2010,September,IN,151
LABOUR,2010,September,OUT,30
OMANI,2010,April    ,IN,68
OMANI,2010,April    ,OUT,1
OMANI,2010,August   ,IN,73
OMANI,2010,August   ,OUT,10
OMANI,2010,December ,IN,19
OMANI,2010,December ,OUT,52
OMANI,2010,February ,IN,90
OMANI,2010,January  ,IN,94
OMANI,2010,January  ,OUT,3
OMANI,2010,July     ,IN,53
OMANI,2010,July     ,OUT,11
OMANI,2010,June     ,IN,37
OMANI,2010,June     ,OUT,3
OMANI,2010,March    ,IN,61
OMANI,2010,March    ,OUT,2
OMANI,2010,May      ,IN,27
OMANI,2010,May      ,OUT,3
OMANI,2010,November ,IN,24
OMANI,2010,November ,OUT,32
OMANI,2010,October  ,IN,92
OMANI,2010,October  ,OUT,21
OMANI,2010,September,IN,18
OMANI,2010,September,OUT,5
STAFF,2010,April    ,IN,3
STAFF,2010,April    ,OUT,2
STAFF,2010,August   ,IN,7
STAFF,2010,August   ,OUT,4
STAFF,2010,December ,IN,5
STAFF,2010,December ,OUT,6
STAFF,2010,February ,IN,12
STAFF,2010,February ,OUT,1
STAFF,2010,January  ,IN,17
STAFF,2010,January  ,OUT,99
STAFF,2010,July     ,IN,10
STAFF,2010,July     ,OUT,3
STAFF,2010,June     ,IN,3
STAFF,2010,June     ,OUT,2
STAFF,2010,March    ,IN,5
STAFF,2010,March    ,OUT,1
STAFF,2010,May      ,IN,5
STAFF,2010,May      ,OUT,5
STAFF,2010,November ,IN,2
STAFF,2010,November ,OUT,7
STAFF,2010,October  ,IN,6
STAFF,2010,October  ,OUT,8
STAFF,2010,September,IN,4
STAFF,2010,September,OUT,1
LABOUR,2011,April    ,IN,18
LABOUR,2011,April    ,OUT,29
LABOUR,2011,August   ,IN,60
LABOUR,2011,August   ,OUT,38
LABOUR,2011,December ,IN,203
LABOUR,2011,December ,OUT,108
LABOUR,2011,February ,IN,41
LABOUR,2011,February ,OUT,26
LABOUR,2011,January  ,IN,62
LABOUR,2011,January  ,OUT,30
LABOUR,2011,July     ,IN,50
LABOUR,2011,July     ,OUT,47
LABOUR,2011,June     ,IN,62
LABOUR,2011,June     ,OUT,31
LABOUR,2011,March    ,IN,35
LABOUR,2011,March    ,OUT,41
LABOUR,2011,May      ,IN,5
LABOUR,2011,May      ,OUT,14
LABOUR,2011,November ,IN,156
LABOUR,2011,November ,OUT,19
LABOUR,2011,October  ,IN,124
LABOUR,2011,October  ,OUT,36
LABOUR,2011,September,IN,30
LABOUR,2011,September,OUT,31
OMANI,2011,April    ,IN,39
OMANI,2011,April    ,OUT,48
OMANI,2011,August   ,IN,34
OMANI,2011,August   ,OUT,18
OMANI,2011,December ,IN,15
OMANI,2011,December ,OUT,31
OMANI,2011,February ,IN,28
OMANI,2011,February ,OUT,30
OMANI,2011,January  ,IN,30
OMANI,2011,January  ,OUT,51
OMANI,2011,July     ,IN,51
OMANI,2011,July     ,OUT,29
OMANI,2011,June     ,IN,36
OMANI,2011,June     ,OUT,25
OMANI,2011,March    ,IN,43
OMANI,2011,March    ,OUT,374
OMANI,2011,May      ,IN,56
OMANI,2011,May      ,OUT,28
OMANI,2011,November ,IN,24
OMANI,2011,November ,OUT,34
OMANI,2011,October  ,IN,29
OMANI,2011,October  ,OUT,47
OMANI,2011,September,IN,9
OMANI,2011,September,OUT,36
STAFF,2011,April    ,IN,5
STAFF,2011,April    ,OUT,1
STAFF,2011,August   ,IN,6
STAFF,2011,August   ,OUT,2
STAFF,2011,December ,IN,9
STAFF,2011,December ,OUT,8
STAFF,2011,February ,IN,9
STAFF,2011,February ,OUT,4
STAFF,2011,January  ,IN,7
STAFF,2011,January  ,OUT,5
STAFF,2011,July     ,IN,11
STAFF,2011,July     ,OUT,4
STAFF,2011,June     ,IN,11
STAFF,2011,June     ,OUT,4
STAFF,2011,March    ,IN,7
STAFF,2011,March    ,OUT,2
STAFF,2011,May      ,IN,24
STAFF,2011,May      ,OUT,10
STAFF,2011,November ,IN,15
STAFF,2011,November ,OUT,3
STAFF,2011,October  ,IN,17
STAFF,2011,October  ,OUT,10
STAFF,2011,September,IN,4
STAFF,2011,September,OUT,7
LABOUR,2012,April    ,IN,128
LABOUR,2012,April    ,OUT,97
LABOUR,2012,August   ,IN,122
LABOUR,2012,August   ,OUT,89
LABOUR,2012,December ,IN,109
LABOUR,2012,December ,OUT,96
LABOUR,2012,February ,IN,193
LABOUR,2012,February ,OUT,43
LABOUR,2012,January  ,IN,217
LABOUR,2012,January  ,OUT,66
LABOUR,2012,July     ,IN,129
LABOUR,2012,July     ,OUT,82
LABOUR,2012,June     ,IN,78
LABOUR,2012,June     ,OUT,56
LABOUR,2012,March    ,IN,146
LABOUR,2012,March    ,OUT,67
LABOUR,2012,May      ,IN,76
LABOUR,2012,May      ,OUT,91
LABOUR,2012,November ,IN,98
LABOUR,2012,November ,OUT,62
LABOUR,2012,October  ,IN,415
LABOUR,2012,October  ,OUT,99
LABOUR,2012,September,IN,212
LABOUR,2012,September,OUT,64
OMANI,2012,April    ,IN,91
OMANI,2012,April    ,OUT,24
OMANI,2012,August   ,IN,6
OMANI,2012,August   ,OUT,24
OMANI,2012,December ,IN,13
OMANI,2012,December ,OUT,18
OMANI,2012,February ,IN,45
OMANI,2012,February ,OUT,25
OMANI,2012,January  ,IN,35
OMANI,2012,January  ,OUT,38
OMANI,2012,July     ,IN,25
OMANI,2012,July     ,OUT,46
OMANI,2012,June     ,IN,71
OMANI,2012,June     ,OUT,28
OMANI,2012,March    ,IN,68
OMANI,2012,March    ,OUT,27
OMANI,2012,May      ,IN,59
OMANI,2012,May      ,OUT,33
OMANI,2012,November ,IN,3
OMANI,2012,November ,OUT,22
OMANI,2012,October  ,IN,1
OMANI,2012,October  ,OUT,26
OMANI,2012,September,IN,9
OMANI,2012,September,OUT,56
STAFF,2012,April    ,IN,4
STAFF,2012,April    ,OUT,6
STAFF,2012,August   ,IN,13
STAFF,2012,August   ,OUT,5
STAFF,2012,December ,IN,8
STAFF,2012,December ,OUT,8
STAFF,2012,February ,IN,5
STAFF,2012,February ,OUT,5
STAFF,2012,January  ,IN,7
STAFF,2012,January  ,OUT,14
STAFF,2012,July     ,IN,22
STAFF,2012,July     ,OUT,5
STAFF,2012,June     ,IN,32
STAFF,2012,June     ,OUT,5
STAFF,2012,March    ,IN,6
STAFF,2012,March    ,OUT,2
STAFF,2012,May      ,IN,15
STAFF,2012,May      ,OUT,5
STAFF,2012,November ,IN,6
STAFF,2012,November ,OUT,7
STAFF,2012,October  ,IN,10
STAFF,2012,October  ,OUT,12
STAFF,2012,September,IN,14
STAFF,2012,September,OUT,6
LABOUR,2013,April    ,IN,100
LABOUR,2013,April    ,OUT,42
LABOUR,2013,August   ,IN,49
LABOUR,2013,August   ,OUT,71
LABOUR,2013,December ,IN,289
LABOUR,2013,December ,OUT,141
LABOUR,2013,February ,IN,96
LABOUR,2013,February ,OUT,75
LABOUR,2013,January  ,IN,154
LABOUR,2013,January  ,OUT,64
LABOUR,2013,July     ,IN,20
LABOUR,2013,July     ,OUT,66
LABOUR,2013,June     ,IN,85
LABOUR,2013,June     ,OUT,81
LABOUR,2013,March    ,IN,107
LABOUR,2013,March    ,OUT,70
LABOUR,2013,May      ,IN,64
LABOUR,2013,May      ,OUT,51
LABOUR,2013,November ,IN,329
LABOUR,2013,November ,OUT,121
LABOUR,2013,October  ,IN,260
LABOUR,2013,October  ,OUT,84
LABOUR,2013,September,IN,258
LABOUR,2013,September,OUT,57
OMANI,2013,April    ,IN,64
OMANI,2013,April    ,OUT,22
OMANI,2013,August   ,IN,15
OMANI,2013,August   ,OUT,7
OMANI,2013,December ,IN,79
OMANI,2013,December ,OUT,23
OMANI,2013,February ,IN,8
OMANI,2013,February ,OUT,13
OMANI,2013,January  ,IN,11
OMANI,2013,January  ,OUT,25
OMANI,2013,July     ,IN,18
OMANI,2013,July     ,OUT,8
OMANI,2013,June     ,IN,37
OMANI,2013,June     ,OUT,21
OMANI,2013,March    ,IN,19
OMANI,2013,March    ,OUT,17
OMANI,2013,May      ,IN,62
OMANI,2013,May      ,OUT,14
OMANI,2013,November ,IN,23
OMANI,2013,November ,OUT,10
OMANI,2013,October  ,IN,18
OMANI,2013,October  ,OUT,10
OMANI,2013,September,IN,34
OMANI,2013,September,OUT,10
STAFF,2013,April    ,IN,11
STAFF,2013,April    ,OUT,3
STAFF,2013,August   ,IN,12
STAFF,2013,August   ,OUT,14
STAFF,2013,December ,IN,64
STAFF,2013,December ,OUT,6
STAFF,2013,February ,IN,6
STAFF,2013,February ,OUT,3
STAFF,2013,January  ,IN,20
STAFF,2013,January  ,OUT,7
STAFF,2013,July     ,IN,3
STAFF,2013,July     ,OUT,10
STAFF,2013,June     ,IN,13
STAFF,2013,June     ,OUT,10
STAFF,2013,March    ,IN,8
STAFF,2013,March    ,OUT,18
STAFF,2013,May      ,IN,14
STAFF,2013,May      ,OUT,5
STAFF,2013,November ,IN,74
STAFF,2013,November ,OUT,15
STAFF,2013,October  ,IN,55
STAFF,2013,October  ,OUT,8
STAFF,2013,September,IN,15
STAFF,2013,September,OUT,7
LABOUR,2014,April    ,IN,220
LABOUR,2014,April    ,OUT,85
LABOUR,2014,August   ,IN,133
LABOUR,2014,August   ,OUT,84
LABOUR,2014,December ,IN,135
LABOUR,2014,December ,OUT,121
LABOUR,2014,February ,IN,146
LABOUR,2014,February ,OUT,105
LABOUR,2014,January  ,IN,118
LABOUR,2014,January  ,OUT,140
LABOUR,2014,July     ,IN,132
LABOUR,2014,July     ,OUT,83
LABOUR,2014,June     ,IN,230
LABOUR,2014,June     ,OUT,50
LABOUR,2014,March    ,IN,447
LABOUR,2014,March    ,OUT,87
LABOUR,2014,May      ,IN,155
LABOUR,2014,May      ,OUT,92
LABOUR,2014,November ,IN,261
LABOUR,2014,November ,OUT,85
LABOUR,2014,October  ,IN,329
LABOUR,2014,October  ,OUT,141
LABOUR,2014,September,IN,479
LABOUR,2014,September,OUT,171
OMANI,2014,April    ,IN,56
OMANI,2014,April    ,OUT,36
OMANI,2014,August   ,IN,46
OMANI,2014,August   ,OUT,24
OMANI,2014,December ,IN,54
OMANI,2014,December ,OUT,83
OMANI,2014,February ,IN,124
OMANI,2014,February ,OUT,9
OMANI,2014,January  ,IN,54
OMANI,2014,January  ,OUT,16
OMANI,2014,July     ,IN,5
OMANI,2014,July     ,OUT,22
OMANI,2014,June     ,IN,45
OMANI,2014,June     ,OUT,35
OMANI,2014,March    ,IN,52
OMANI,2014,March    ,OUT,21
OMANI,2014,May      ,IN,91
OMANI,2014,May      ,OUT,20
OMANI,2014,November ,IN,30
OMANI,2014,November ,OUT,36
OMANI,2014,October  ,IN,38
OMANI,2014,October  ,OUT,68
OMANI,2014,September,IN,37
OMANI,2014,September,OUT,63
STAFF,2014,April    ,IN,41
STAFF,2014,April    ,OUT,23
STAFF,2014,August   ,IN,47
STAFF,2014,August   ,OUT,4
STAFF,2014,December ,IN,31
STAFF,2014,December ,OUT,17
STAFF,2014,February ,IN,32
STAFF,2014,February ,OUT,9
STAFF,2014,January  ,IN,21
STAFF,2014,January  ,OUT,14
STAFF,2014,July     ,IN,13
STAFF,2014,July     ,OUT,10
STAFF,2014,June     ,IN,28
STAFF,2014,June     ,OUT,20
STAFF,2014,March    ,IN,25
STAFF,2014,March    ,OUT,15
STAFF,2014,May      ,IN,23
STAFF,2014,May      ,OUT,17
STAFF,2014,November ,IN,13
STAFF,2014,November ,OUT,16
STAFF,2014,October  ,IN,25
STAFF,2014,October  ,OUT,17
STAFF,2014,September,IN,14
STAFF,2014,September,OUT,11
LABOUR,2015,April    ,IN,110
LABOUR,2015,April    ,OUT,143
LABOUR,2015,August   ,IN,208
LABOUR,2015,August   ,OUT,91
LABOUR,2015,December ,IN,413
LABOUR,2015,December ,OUT,114
LABOUR,2015,February ,IN,281
LABOUR,2015,February ,OUT,132
LABOUR,2015,January  ,IN,143
LABOUR,2015,January  ,OUT,108
LABOUR,2015,July     ,IN,171
LABOUR,2015,July     ,OUT,73
LABOUR,2015,June     ,IN,88
LABOUR,2015,June     ,OUT,103
LABOUR,2015,March    ,IN,150
LABOUR,2015,March    ,OUT,97
LABOUR,2015,May      ,IN,161
LABOUR,2015,May      ,OUT,88
LABOUR,2015,November ,IN,342
LABOUR,2015,November ,OUT,140
LABOUR,2015,October  ,IN,243
LABOUR,2015,October  ,OUT,124
LABOUR,2015,September,IN,256
LABOUR,2015,September,OUT,119
OMANI,2015,April    ,IN,39
OMANI,2015,April    ,OUT,52
OMANI,2015,August   ,IN,31
OMANI,2015,August   ,OUT,71
OMANI,2015,December ,IN,27
OMANI,2015,December ,OUT,70
OMANI,2015,February ,IN,36
OMANI,2015,February ,OUT,94
OMANI,2015,January  ,IN,33
OMANI,2015,January  ,OUT,82
OMANI,2015,July     ,IN,32
OMANI,2015,July     ,OUT,10
OMANI,2015,June     ,IN,47
OMANI,2015,June     ,OUT,36
OMANI,2015,March    ,IN,45
OMANI,2015,March    ,OUT,53
OMANI,2015,May      ,IN,33
OMANI,2015,May      ,OUT,34
OMANI,2015,November ,IN,26
OMANI,2015,November ,OUT,43
OMANI,2015,October  ,IN,14
OMANI,2015,October  ,OUT,75
OMANI,2015,September,IN,35
OMANI,2015,September,OUT,72
STAFF,2015,April    ,IN,4
STAFF,2015,April    ,OUT,9
STAFF,2015,August   ,IN,26
STAFF,2015,August   ,OUT,20
STAFF,2015,December ,IN,21
STAFF,2015,December ,OUT,23
STAFF,2015,February ,IN,43
STAFF,2015,February ,OUT,13
STAFF,2015,January  ,IN,23
STAFF,2015,January  ,OUT,10
STAFF,2015,July     ,IN,17
STAFF,2015,July     ,OUT,10
STAFF,2015,June     ,IN,18
STAFF,2015,June     ,OUT,3
STAFF,2015,March    ,IN,23
STAFF,2015,March    ,OUT,14
STAFF,2015,May      ,IN,17
STAFF,2015,May      ,OUT,18
STAFF,2015,November ,IN,13
STAFF,2015,November ,OUT,27
STAFF,2015,October  ,IN,20
STAFF,2015,October  ,OUT,33
STAFF,2015,September,IN,28
STAFF,2015,September,OUT,21
LABOUR,2016,April    ,IN,6
LABOUR,2016,April    ,OUT,301
LABOUR,2016,August   ,IN,26
LABOUR,2016,August   ,OUT,493
LABOUR,2016,December ,IN,3
LABOUR,2016,December ,OUT,135
LABOUR,2016,February ,IN,58
LABOUR,2016,February ,OUT,145
LABOUR,2016,January  ,IN,229
LABOUR,2016,January  ,OUT,185
LABOUR,2016,July     ,IN,1
LABOUR,2016,July     ,OUT,206
LABOUR,2016,June     ,IN,31
LABOUR,2016,June     ,OUT,290
LABOUR,2016,March    ,IN,38
LABOUR,2016,March    ,OUT,158
LABOUR,2016,May      ,IN,1
LABOUR,2016,May      ,OUT,314
LABOUR,2016,November ,IN,18
LABOUR,2016,November ,OUT,167
LABOUR,2016,October  ,IN,13
LABOUR,2016,October  ,OUT,265
LABOUR,2016,September,IN,44
LABOUR,2016,September,OUT,252
OMANI,2016,April    ,IN,20
OMANI,2016,April    ,OUT,19
OMANI,2016,August   ,IN,21
OMANI,2016,August   ,OUT,35
OMANI,2016,December ,IN,6
OMANI,2016,December ,OUT,23
OMANI,2016,February ,IN,22
OMANI,2016,February ,OUT,33
OMANI,2016,January  ,IN,19
OMANI,2016,January  ,OUT,33
OMANI,2016,July     ,IN,9
OMANI,2016,July     ,OUT,38
OMANI,2016,June     ,IN,12
OMANI,2016,June     ,OUT,21
OMANI,2016,March    ,IN,12
OMANI,2016,March    ,OUT,49
OMANI,2016,May      ,IN,63
OMANI,2016,May      ,OUT,35
OMANI,2016,November ,OUT,36
OMANI,2016,October  ,IN,6
OMANI,2016,October  ,OUT,17
OMANI,2016,September,IN,15
OMANI,2016,September,OUT,8
STAFF,2016,April    ,IN,7
STAFF,2016,April    ,OUT,21
STAFF,2016,August   ,IN,4
STAFF,2016,August   ,OUT,30
STAFF,2016,December ,IN,8
STAFF,2016,December ,OUT,18
STAFF,2016,February ,IN,15
STAFF,2016,February ,OUT,22
STAFF,2016,January  ,IN,8
STAFF,2016,January  ,OUT,21
STAFF,2016,July     ,IN,4
STAFF,2016,July     ,OUT,19
STAFF,2016,June     ,IN,12
STAFF,2016,June     ,OUT,21
STAFF,2016,March    ,IN,15
STAFF,2016,March    ,OUT,18
STAFF,2016,May      ,IN,3
STAFF,2016,May      ,OUT,20
STAFF,2016,November ,IN,3
STAFF,2016,November ,OUT,14
STAFF,2016,October  ,IN,5
STAFF,2016,October  ,OUT,17
STAFF,2016,September,IN,8
STAFF,2016,September,OUT,13
LABOUR,2017,April    ,IN,4
LABOUR,2017,April    ,OUT,46
LABOUR,2017,August   ,IN,9
LABOUR,2017,August   ,OUT,57
LABOUR,2017,December ,IN,9
LABOUR,2017,December ,OUT,91
LABOUR,2017,February ,IN,13
LABOUR,2017,February ,OUT,61
LABOUR,2017,January  ,IN,21
LABOUR,2017,January  ,OUT,115
LABOUR,2017,July     ,IN,89
LABOUR,2017,July     ,OUT,61
LABOUR,2017,June     ,IN,3
LABOUR,2017,June     ,OUT,64
LABOUR,2017,March    ,IN,4
LABOUR,2017,March    ,OUT,70
LABOUR,2017,May      ,OUT,84
LABOUR,2017,November ,IN,13
LABOUR,2017,November ,OUT,85
LABOUR,2017,October  ,IN,24
LABOUR,2017,October  ,OUT,69
LABOUR,2017,September,IN,34
LABOUR,2017,September,OUT,40
OMANI,2017,April    ,IN,9
OMANI,2017,April    ,OUT,7
OMANI,2017,August   ,IN,17
OMANI,2017,August   ,OUT,6
OMANI,2017,December ,IN,21
OMANI,2017,December ,OUT,15
OMANI,2017,February ,IN,9
OMANI,2017,February ,OUT,10
OMANI,2017,January  ,IN,21
OMANI,2017,January  ,OUT,17
OMANI,2017,July     ,IN,11
OMANI,2017,July     ,OUT,14
OMANI,2017,June     ,IN,6
OMANI,2017,June     ,OUT,5
OMANI,2017,March    ,IN,9
OMANI,2017,March    ,OUT,15
OMANI,2017,May      ,IN,24
OMANI,2017,May      ,OUT,12
OMANI,2017,November ,IN,32
OMANI,2017,November ,OUT,21
OMANI,2017,October  ,IN,24
OMANI,2017,October  ,OUT,7
OMANI,2017,September,IN,7
OMANI,2017,September,OUT,11
STAFF,2017,April    ,IN,5
STAFF,2017,April    ,OUT,8
STAFF,2017,August   ,IN,7
STAFF,2017,August   ,OUT,15
STAFF,2017,December ,IN,4
STAFF,2017,December ,OUT,8
STAFF,2017,February ,IN,3
STAFF,2017,February ,OUT,18
STAFF,2017,January  ,IN,3
STAFF,2017,January  ,OUT,17
STAFF,2017,July     ,IN,15
STAFF,2017,July     ,OUT,10
STAFF,2017,June     ,IN,1
STAFF,2017,June     ,OUT,12
STAFF,2017,March    ,IN,1
STAFF,2017,March    ,OUT,10
STAFF,2017,May      ,IN,3
STAFF,2017,May      ,OUT,15
STAFF,2017,November ,IN,5
STAFF,2017,November ,OUT,10
STAFF,2017,October  ,IN,3
STAFF,2017,October  ,OUT,10
STAFF,2017,September,IN,8
STAFF,2017,September,OUT,12
TRAINEE,2017,August   ,IN,1
TRAINEE,2017,October  ,IN,1
TRAINEE,2017,October  ,OUT,1
LABOUR,2018,April    ,IN,131
LABOUR,2018,April    ,OUT,45
LABOUR,2018,August   ,IN,5
LABOUR,2018,August   ,OUT,76
LABOUR,2018,December ,IN,57
LABOUR,2018,December ,OUT,32
LABOUR,2018,February ,IN,17
LABOUR,2018,February ,OUT,76
LABOUR,2018,January  ,IN,4
LABOUR,2018,January  ,OUT,67
LABOUR,2018,July     ,IN,16
LABOUR,2018,July     ,OUT,69
LABOUR,2018,June     ,IN,30
LABOUR,2018,June     ,OUT,66
LABOUR,2018,March    ,IN,125
LABOUR,2018,March    ,OUT,54
LABOUR,2018,May      ,IN,83
LABOUR,2018,May      ,OUT,64
LABOUR,2018,November ,IN,83
LABOUR,2018,November ,OUT,50
LABOUR,2018,October  ,IN,129
LABOUR,2018,October  ,OUT,86
LABOUR,2018,September,IN,77
LABOUR,2018,September,OUT,80
OMANI,2018,April    ,IN,27
OMANI,2018,April    ,OUT,24
OMANI,2018,August   ,IN,9
OMANI,2018,August   ,OUT,12
OMANI,2018,December ,IN,1
OMANI,2018,December ,OUT,7
OMANI,2018,February ,IN,9
OMANI,2018,February ,OUT,12
OMANI,2018,January  ,IN,31
OMANI,2018,January  ,OUT,25
OMANI,2018,July     ,IN,30
OMANI,2018,July     ,OUT,11
OMANI,2018,June     ,IN,9
OMANI,2018,June     ,OUT,8
OMANI,2018,March    ,IN,6
OMANI,2018,March    ,OUT,15
OMANI,2018,May      ,IN,14
OMANI,2018,May      ,OUT,7
OMANI,2018,November ,IN,2
OMANI,2018,November ,OUT,23
OMANI,2018,October  ,IN,5
OMANI,2018,October  ,OUT,7
OMANI,2018,September,IN,7
OMANI,2018,September,OUT,15
STAFF,2018,April    ,IN,2
STAFF,2018,April    ,OUT,11
STAFF,2018,August   ,IN,16
STAFF,2018,August   ,OUT,11
STAFF,2018,December ,IN,19
STAFF,2018,December ,OUT,10
STAFF,2018,February ,IN,6
STAFF,2018,February ,OUT,10
STAFF,2018,January  ,IN,27
STAFF,2018,January  ,OUT,8
STAFF,2018,July     ,IN,12
STAFF,2018,July     ,OUT,5
STAFF,2018,June     ,IN,3
STAFF,2018,June     ,OUT,5
STAFF,2018,March    ,IN,6
STAFF,2018,March    ,OUT,16
STAFF,2018,May      ,IN,5
STAFF,2018,May      ,OUT,8
STAFF,2018,November ,IN,4
STAFF,2018,November ,OUT,10
STAFF,2018,October  ,IN,20
STAFF,2018,October  ,OUT,11
STAFF,2018,September,IN,21
STAFF,2018,September,OUT,7
TRAINEE,2018,December ,IN,1
TRAINEE,2018,December ,OUT,1
TRAINEE,2018,March    ,OUT,1
TRAINEE,2018,October  ,IN,2
LABOUR,2019,April    ,IN,22
LABOUR,2019,April    ,OUT,112
LABOUR,2019,August   ,OUT,151
LABOUR,2019,December ,IN,2
LABOUR,2019,December ,OUT,167
LABOUR,2019,February ,IN,197
LABOUR,2019,February ,OUT,111
LABOUR,2019,January  ,IN,212
LABOUR,2019,January  ,OUT,73
LABOUR,2019,July     ,IN,1
LABOUR,2019,July     ,OUT,228
LABOUR,2019,June     ,IN,2
LABOUR,2019,June     ,OUT,120
LABOUR,2019,March    ,IN,156
LABOUR,2019,March    ,OUT,164
LABOUR,2019,May      ,IN,11
LABOUR,2019,May      ,OUT,127
LABOUR,2019,November ,IN,2
LABOUR,2019,November ,OUT,195
LABOUR,2019,October  ,IN,5
LABOUR,2019,October  ,OUT,188
LABOUR,2019,September,IN,7
LABOUR,2019,September,OUT,211
OMANI,2019,April    ,IN,1
OMANI,2019,April    ,OUT,21
OMANI,2019,August   ,OUT,16
OMANI,2019,December ,IN,6
OMANI,2019,December ,OUT,33
OMANI,2019,February ,IN,2
OMANI,2019,February ,OUT,33
OMANI,2019,January  ,IN,8
OMANI,2019,January  ,OUT,30
OMANI,2019,July     ,IN,20
OMANI,2019,July     ,OUT,10
OMANI,2019,June     ,IN,10
OMANI,2019,June     ,OUT,8
OMANI,2019,March    ,OUT,9
OMANI,2019,May      ,IN,9
OMANI,2019,May      ,OUT,17
OMANI,2019,November ,IN,4
OMANI,2019,November ,OUT,9
OMANI,2019,October  ,IN,19
OMANI,2019,October  ,OUT,27
OMANI,2019,September,IN,5
OMANI,2019,September,OUT,16
STAFF,2019,April    ,IN,2
STAFF,2019,April    ,OUT,10
STAFF,2019,August   ,IN,4
STAFF,2019,August   ,OUT,7
STAFF,2019,December ,IN,3
STAFF,2019,December ,OUT,13
STAFF,2019,February ,IN,12
STAFF,2019,February ,OUT,9
STAFF,2019,January  ,IN,9
STAFF,2019,January  ,OUT,7
STAFF,2019,July     ,IN,5
STAFF,2019,July     ,OUT,13
STAFF,2019,June     ,IN,1
STAFF,2019,June     ,OUT,16
STAFF,2019,March    ,IN,8
STAFF,2019,March    ,OUT,11
STAFF,2019,May      ,IN,2
STAFF,2019,May      ,OUT,16
STAFF,2019,November ,IN,1
STAFF,2019,November ,OUT,12
STAFF,2019,October  ,IN,8
STAFF,2019,October  ,OUT,11
STAFF,2019,September,IN,3
STAFF,2019,September,OUT,6
TRAINEE,2019,December ,IN,6
TRAINEE,2019,December ,OUT,1
TRAINEE,2019,February ,IN,1
TRAINEE,2019,February ,OUT,2
TRAINEE,2019,January  ,IN,2
TRAINEE,2019,November ,IN,3
TRAINEE,2019,September,OUT,1
LABOUR,2020,April    ,OUT,13
LABOUR,2020,August   ,OUT,74
LABOUR,2020,December ,OUT,32
LABOUR,2020,February ,IN,2
LABOUR,2020,February ,OUT,113
LABOUR,2020,January  ,IN,8
LABOUR,2020,January  ,OUT,98
LABOUR,2020,July     ,OUT,33
LABOUR,2020,June     ,IN,5
LABOUR,2020,June     ,OUT,2
LABOUR,2020,March    ,OUT,69
LABOUR,2020,May      ,OUT,4
LABOUR,2020,November ,OUT,31
LABOUR,2020,October  ,OUT,78
LABOUR,2020,September,OUT,92
LIMITED_CONTRACT,2020,December ,IN,63
LIMITED_CONTRACT,2020,December ,OUT,13
LIMITED_CONTRACT,2020,November ,IN,34
LIMITED_CONTRACT,2020,November ,OUT,39
LIMITED_CONTRACT,2020,October  ,IN,171
LIMITED_CONTRACT,2020,September,IN,5
OMANI,2020,April    ,OUT,3
OMANI,2020,August   ,IN,5
OMANI,2020,August   ,OUT,6
OMANI,2020,December ,IN,9
OMANI,2020,December ,OUT,4
OMANI,2020,February ,IN,13
OMANI,2020,February ,OUT,27
OMANI,2020,January  ,IN,3
OMANI,2020,January  ,OUT,6
OMANI,2020,July     ,IN,1
OMANI,2020,July     ,OUT,8
OMANI,2020,June     ,IN,1
OMANI,2020,June     ,OUT,5
OMANI,2020,March    ,IN,10
OMANI,2020,March    ,OUT,7
OMANI,2020,May      ,OUT,3
OMANI,2020,November ,IN,4
OMANI,2020,November ,OUT,2
OMANI,2020,October  ,IN,11
OMANI,2020,October  ,OUT,2
OMANI,2020,September,IN,2
OMANI,2020,September,OUT,2
STAFF,2020,August   ,IN,5
STAFF,2020,August   ,OUT,3
STAFF,2020,December ,IN,28
STAFF,2020,December ,OUT,9
STAFF,2020,February ,IN,4
STAFF,2020,February ,OUT,3
STAFF,2020,January  ,IN,5
STAFF,2020,January  ,OUT,6
STAFF,2020,July     ,IN,8
STAFF,2020,July     ,OUT,18
STAFF,2020,June     ,IN,2
STAFF,2020,June     ,OUT,7
STAFF,2020,March    ,IN,9
STAFF,2020,March    ,OUT,9
STAFF,2020,November ,IN,6
STAFF,2020,November ,OUT,5
STAFF,2020,October  ,IN,15
STAFF,2020,October  ,OUT,6
STAFF,2020,September,IN,7
STAFF,2020,September,OUT,8
TRAINEE,2020,December ,IN,11
TRAINEE,2020,December ,OUT,2
TRAINEE,2020,February ,IN,1
TRAINEE,2020,February ,OUT,1
TRAINEE,2020,July     ,OUT,3
TRAINEE,2020,June     ,IN,1
TRAINEE,2020,June     ,OUT,2
TRAINEE,2020,March    ,OUT,3
TRAINEE,2020,May      ,IN,1
TRAINEE,2020,November ,OUT,3
TRAINEE,2020,October  ,OUT,1
TRAINEE,2020,September,IN,4
TRAINEE,2020,September,OUT,1
LABOUR,2021,April    ,IN,17
LABOUR,2021,April    ,OUT,32
LABOUR,2021,August   ,OUT,11
LABOUR,2021,December ,IN,114
LABOUR,2021,December ,OUT,35
LABOUR,2021,February ,IN,37
LABOUR,2021,February ,OUT,43
LABOUR,2021,January  ,IN,4
LABOUR,2021,January  ,OUT,78
LABOUR,2021,July     ,OUT,18
LABOUR,2021,June     ,OUT,17
LABOUR,2021,March    ,IN,41
LABOUR,2021,March    ,OUT,41
LABOUR,2021,May      ,OUT,35
LABOUR,2021,November ,IN,79
LABOUR,2021,November ,OUT,22
LABOUR,2021,October  ,IN,10
LABOUR,2021,October  ,OUT,34
LABOUR,2021,September,IN,5
LABOUR,2021,September,OUT,21
LIMITED_CONTRACT,2021,April    ,OUT,3
LIMITED_CONTRACT,2021,February ,IN,18
LIMITED_CONTRACT,2021,February ,OUT,10
LIMITED_CONTRACT,2021,January  ,IN,4
LIMITED_CONTRACT,2021,January  ,OUT,16
LIMITED_CONTRACT,2021,March    ,IN,4
LIMITED_CONTRACT,2021,March    ,OUT,211
LIMITED_CONTRACT,2021,May      ,OUT,7
OMANI,2021,April    ,IN,24
OMANI,2021,April    ,OUT,4
OMANI,2021,August   ,IN,7
OMANI,2021,August   ,OUT,2
OMANI,2021,December ,IN,15
OMANI,2021,December ,OUT,12
OMANI,2021,February ,IN,17
OMANI,2021,February ,OUT,12
OMANI,2021,January  ,IN,4
OMANI,2021,January  ,OUT,4
OMANI,2021,July     ,IN,16
OMANI,2021,July     ,OUT,4
OMANI,2021,June     ,IN,8
OMANI,2021,June     ,OUT,6
OMANI,2021,March    ,IN,8
OMANI,2021,March    ,OUT,13
OMANI,2021,May      ,IN,10
OMANI,2021,May      ,OUT,9
OMANI,2021,November ,IN,17
OMANI,2021,November ,OUT,10
OMANI,2021,October  ,IN,9
OMANI,2021,October  ,OUT,9
OMANI,2021,September,IN,17
OMANI,2021,September,OUT,10
STAFF,2021,April    ,IN,10
STAFF,2021,April    ,OUT,11
STAFF,2021,August   ,IN,8
STAFF,2021,August   ,OUT,4
STAFF,2021,December ,IN,2
STAFF,2021,December ,OUT,10
STAFF,2021,February ,IN,14
STAFF,2021,February ,OUT,2
STAFF,2021,January  ,IN,9
STAFF,2021,January  ,OUT,7
STAFF,2021,July     ,IN,2
STAFF,2021,July     ,OUT,6
STAFF,2021,June     ,IN,9
STAFF,2021,June     ,OUT,6
STAFF,2021,March    ,IN,19
STAFF,2021,March    ,OUT,11
STAFF,2021,May      ,IN,5
STAFF,2021,May      ,OUT,9
STAFF,2021,November ,IN,26
STAFF,2021,November ,OUT,13
STAFF,2021,October  ,IN,21
STAFF,2021,October  ,OUT,7
STAFF,2021,September,IN,5
STAFF,2021,September,OUT,9
TRAINEE,2021,April    ,IN,11
TRAINEE,2021,April    ,OUT,2
TRAINEE,2021,August   ,IN,9
TRAINEE,2021,August   ,OUT,12
TRAINEE,2021,December ,OUT,6
TRAINEE,2021,February ,IN,6
TRAINEE,2021,February ,OUT,2
TRAINEE,2021,January  ,IN,1
TRAINEE,2021,January  ,OUT,11
TRAINEE,2021,July     ,IN,7
TRAINEE,2021,July     ,OUT,4
TRAINEE,2021,June     ,IN,5
TRAINEE,2021,June     ,OUT,5
TRAINEE,2021,March    ,IN,4
TRAINEE,2021,March    ,OUT,7
TRAINEE,2021,May      ,IN,4
TRAINEE,2021,May      ,OUT,8
TRAINEE,2021,November ,IN,7
TRAINEE,2021,November ,OUT,6
TRAINEE,2021,October  ,IN,5
TRAINEE,2021,October  ,OUT,3
TRAINEE,2021,September,IN,3
LABOUR,2022,April    ,IN,51
LABOUR,2022,April    ,OUT,23
LABOUR,2022,August   ,IN,14
LABOUR,2022,August   ,OUT,21
LABOUR,2022,December ,IN,120
LABOUR,2022,December ,OUT,36
LABOUR,2022,February ,IN,102
LABOUR,2022,February ,OUT,22
LABOUR,2022,January  ,IN,43
LABOUR,2022,January  ,OUT,34
LABOUR,2022,July     ,IN,50
LABOUR,2022,July     ,OUT,22
LABOUR,2022,June     ,IN,37
LABOUR,2022,June     ,OUT,20
LABOUR,2022,March    ,IN,284
LABOUR,2022,March    ,OUT,58
LABOUR,2022,May      ,IN,7
LABOUR,2022,May      ,OUT,27
LABOUR,2022,November ,IN,51
LABOUR,2022,November ,OUT,41
LABOUR,2022,October  ,IN,24
LABOUR,2022,October  ,OUT,30
LABOUR,2022,September,IN,29
LABOUR,2022,September,OUT,39
OMANI,2022,April    ,IN,10
OMANI,2022,April    ,OUT,9
OMANI,2022,August   ,IN,21
OMANI,2022,August   ,OUT,15
OMANI,2022,December ,IN,5
OMANI,2022,December ,OUT,7
OMANI,2022,February ,IN,10
OMANI,2022,February ,OUT,11
OMANI,2022,January  ,IN,10
OMANI,2022,January  ,OUT,11
OMANI,2022,July     ,IN,21
OMANI,2022,July     ,OUT,12
OMANI,2022,June     ,IN,29
OMANI,2022,June     ,OUT,20
OMANI,2022,March    ,IN,27
OMANI,2022,March    ,OUT,9
OMANI,2022,May      ,IN,24
OMANI,2022,May      ,OUT,13
OMANI,2022,November ,IN,21
OMANI,2022,November ,OUT,16
OMANI,2022,October  ,IN,11
OMANI,2022,October  ,OUT,9
OMANI,2022,September,IN,35
OMANI,2022,September,OUT,14
STAFF,2022,April    ,IN,5
STAFF,2022,April    ,OUT,13
STAFF,2022,August   ,IN,27
STAFF,2022,August   ,OUT,9
STAFF,2022,December ,IN,13
STAFF,2022,December ,OUT,10
STAFF,2022,February ,IN,7
STAFF,2022,February ,OUT,6
STAFF,2022,January  ,IN,5
STAFF,2022,January  ,OUT,12
STAFF,2022,July     ,IN,16
STAFF,2022,July     ,OUT,9
STAFF,2022,June     ,IN,7
STAFF,2022,June     ,OUT,3
STAFF,2022,March    ,IN,4
STAFF,2022,March    ,OUT,17
STAFF,2022,May      ,IN,7
STAFF,2022,May      ,OUT,10
STAFF,2022,November ,IN,7
STAFF,2022,November ,OUT,9
STAFF,2022,October  ,IN,15
STAFF,2022,October  ,OUT,16
STAFF,2022,September,IN,22
STAFF,2022,September,OUT,22
TRAINEE,2022,April    ,IN,7
TRAINEE,2022,April    ,OUT,6
TRAINEE,2022,August   ,IN,6
TRAINEE,2022,August   ,OUT,5
TRAINEE,2022,December ,IN,3
TRAINEE,2022,December ,OUT,2
TRAINEE,2022,February ,IN,7
TRAINEE,2022,February ,OUT,1
TRAINEE,2022,January  ,IN,1
TRAINEE,2022,July     ,IN,6
TRAINEE,2022,July     ,OUT,5
TRAINEE,2022,June     ,IN,9
TRAINEE,2022,June     ,OUT,9
TRAINEE,2022,March    ,IN,6
TRAINEE,2022,March    ,OUT,4
TRAINEE,2022,May      ,IN,8
TRAINEE,2022,May      ,OUT,12
TRAINEE,2022,November ,IN,3
TRAINEE,2022,November ,OUT,2
TRAINEE,2022,October  ,IN,4
TRAINEE,2022,October  ,OUT,8
TRAINEE,2022,September,IN,2
TRAINEE,2022,September,OUT,8
LABOUR,2023,April    ,IN,10
LABOUR,2023,April    ,OUT,19
LABOUR,2023,August   ,IN,1
LABOUR,2023,August   ,OUT,29
LABOUR,2023,December ,IN,3
LABOUR,2023,December ,OUT,56
LABOUR,2023,February ,IN,25
LABOUR,2023,February ,OUT,48
LABOUR,2023,January  ,IN,45
LABOUR,2023,January  ,OUT,36
LABOUR,2023,July     ,IN,2
LABOUR,2023,July     ,OUT,33
LABOUR,2023,June     ,IN,9
LABOUR,2023,June     ,OUT,20
LABOUR,2023,March    ,IN,22
LABOUR,2023,March    ,OUT,41
LABOUR,2023,May      ,IN,26
LABOUR,2023,May      ,OUT,28
LABOUR,2023,November ,IN,8
LABOUR,2023,November ,OUT,45
LABOUR,2023,October  ,IN,6
LABOUR,2023,October  ,OUT,101
LABOUR,2023,September,IN,14
LABOUR,2023,September,OUT,52
OMANI,2023,April    ,IN,4
OMANI,2023,April    ,OUT,3
OMANI,2023,August   ,IN,1
OMANI,2023,August   ,OUT,7
OMANI,2023,December ,IN,5
OMANI,2023,December ,OUT,7
OMANI,2023,February ,IN,11
OMANI,2023,February ,OUT,7
OMANI,2023,January  ,IN,13
OMANI,2023,January  ,OUT,14
OMANI,2023,July     ,IN,4
OMANI,2023,July     ,OUT,5
OMANI,2023,June     ,IN,5
OMANI,2023,June     ,OUT,12
OMANI,2023,March    ,IN,14
OMANI,2023,March    ,OUT,12
OMANI,2023,May      ,IN,9
OMANI,2023,May      ,OUT,14
OMANI,2023,November ,IN,5
OMANI,2023,November ,OUT,18
OMANI,2023,October  ,IN,5
OMANI,2023,October  ,OUT,10
OMANI,2023,September,IN,4
OMANI,2023,September,OUT,6
STAFF,2023,April    ,IN,6
STAFF,2023,April    ,OUT,7
STAFF,2023,August   ,IN,4
STAFF,2023,August   ,OUT,22
STAFF,2023,December ,IN,7
STAFF,2023,December ,OUT,8
STAFF,2023,February ,IN,14
STAFF,2023,February ,OUT,15
STAFF,2023,January  ,IN,26
STAFF,2023,January  ,OUT,8
STAFF,2023,July     ,IN,6
STAFF,2023,July     ,OUT,17
STAFF,2023,June     ,IN,11
STAFF,2023,June     ,OUT,12
STAFF,2023,March    ,IN,22
STAFF,2023,March    ,OUT,13
STAFF,2023,May      ,IN,7
STAFF,2023,May      ,OUT,11
STAFF,2023,November ,IN,5
STAFF,2023,November ,OUT,12
STAFF,2023,October  ,IN,11
STAFF,2023,October  ,OUT,16
STAFF,2023,September,IN,8
STAFF,2023,September,OUT,15
TRAINEE,2023,April    ,OUT,2
TRAINEE,2023,August   ,IN,1
TRAINEE,2023,August   ,OUT,1
TRAINEE,2023,December ,IN,2
TRAINEE,2023,February ,IN,1
TRAINEE,2023,February ,OUT,3
TRAINEE,2023,January  ,IN,3
TRAINEE,2023,January  ,OUT,5
TRAINEE,2023,July     ,IN,2
TRAINEE,2023,July     ,OUT,4
TRAINEE,2023,June     ,IN,3
TRAINEE,2023,June     ,OUT,2
TRAINEE,2023,March    ,IN,2
TRAINEE,2023,March    ,OUT,2
TRAINEE,2023,May      ,IN,6
TRAINEE,2023,May      ,OUT,3
TRAINEE,2023,November ,IN,1
TRAINEE,2023,November ,OUT,1
TRAINEE,2023,October  ,IN,1
TRAINEE,2023,September,IN,1
TRAINEE,2023,September,OUT,3
LABOUR,2024,April    ,IN,12
LABOUR,2024,April    ,OUT,17
LABOUR,2024,August   ,IN,1
LABOUR,2024,August   ,OUT,35
LABOUR,2024,December ,IN,13
LABOUR,2024,December ,OUT,42
LABOUR,2024,February ,OUT,61
LABOUR,2024,January  ,OUT,32
LABOUR,2024,July     ,IN,5
LABOUR,2024,July     ,OUT,15
LABOUR,2024,June     ,IN,8
LABOUR,2024,June     ,OUT,47
LABOUR,2024,March    ,IN,4
LABOUR,2024,March    ,OUT,63
LABOUR,2024,May      ,IN,66
LABOUR,2024,May      ,OUT,26
LABOUR,2024,November ,IN,4
LABOUR,2024,November ,OUT,43
LABOUR,2024,October  ,IN,2
LABOUR,2024,October  ,OUT,49
LABOUR,2024,September,IN,14
LABOUR,2024,September,OUT,117
OMANI,2024,April    ,IN,3
OMANI,2024,April    ,OUT,5
OMANI,2024,August   ,IN,9
OMANI,2024,August   ,OUT,9
OMANI,2024,December ,IN,8
OMANI,2024,December ,OUT,7
OMANI,2024,February ,IN,6
OMANI,2024,February ,OUT,2
OMANI,2024,January  ,IN,8
OMANI,2024,January  ,OUT,19
OMANI,2024,July     ,IN,19
OMANI,2024,July     ,OUT,11
OMANI,2024,June     ,IN,16
OMANI,2024,June     ,OUT,13
OMANI,2024,March    ,IN,7
OMANI,2024,March    ,OUT,11
OMANI,2024,May      ,IN,10
OMANI,2024,May      ,OUT,10
OMANI,2024,November ,IN,6
OMANI,2024,November ,OUT,7
OMANI,2024,October  ,IN,12
OMANI,2024,October  ,OUT,4
OMANI,2024,September,IN,7
OMANI,2024,September,OUT,5
STAFF,2024,April    ,IN,9
STAFF,2024,April    ,OUT,9
STAFF,2024,August   ,IN,17
STAFF,2024,August   ,OUT,7
STAFF,2024,December ,IN,17
STAFF,2024,December ,OUT,22
STAFF,2024,February ,IN,5
STAFF,2024,February ,OUT,10
STAFF,2024,January  ,IN,5
STAFF,2024,January  ,OUT,11
STAFF,2024,July     ,IN,21
STAFF,2024,July     ,OUT,4
STAFF,2024,June     ,IN,28
STAFF,2024,June     ,OUT,14
STAFF,2024,March    ,IN,11
STAFF,2024,March    ,OUT,9
STAFF,2024,May      ,IN,13
STAFF,2024,May      ,OUT,10
STAFF,2024,November ,IN,13
STAFF,2024,November ,OUT,8
STAFF,2024,October  ,IN,19
STAFF,2024,October  ,OUT,12
STAFF,2024,September,IN,18
STAFF,2024,September,OUT,13
TRAINEE,2024,April    ,IN,3
TRAINEE,2024,April    ,OUT,2
TRAINEE,2024,August   ,OUT,1
TRAINEE,2024,February ,IN,3
TRAINEE,2024,January  ,OUT,3
TRAINEE,2024,July     ,IN,7
TRAINEE,2024,July     ,OUT,3
TRAINEE,2024,June     ,IN,2
TRAINEE,2024,June     ,OUT,1
TRAINEE,2024,May      ,IN,3
TRAINEE,2024,May      ,OUT,1
TRAINEE,2024,November ,IN,1
TRAINEE,2024,October  ,IN,1
TRAINEE,2024,October  ,OUT,1
TRAINEE,2024,September,IN,3
LABOUR,2025,April    ,IN,85
LABOUR,2025,April    ,OUT,9
LABOUR,2025,February ,IN,8
LABOUR,2025,February ,OUT,25
LABOUR,2025,January  ,IN,15
LABOUR,2025,January  ,OUT,45
LABOUR,2025,June     ,OUT,1
LABOUR,2025,March    ,IN,52
LABOUR,2025,March    ,OUT,33
LABOUR,2025,May      ,IN,33
LABOUR,2025,May      ,OUT,20
OMANI,2025,April    ,IN,14
OMANI,2025,April    ,OUT,6
OMANI,2025,February ,IN,5
OMANI,2025,February ,OUT,9
OMANI,2025,January  ,IN,6
OMANI,2025,January  ,OUT,6
OMANI,2025,March    ,IN,1
OMANI,2025,March    ,OUT,3
OMANI,2025,May      ,OUT,1
STAFF,2025,April    ,IN,11
STAFF,2025,April    ,OUT,12
STAFF,2025,February ,IN,16
STAFF,2025,February ,OUT,14
STAFF,2025,January  ,IN,14
STAFF,2025,January  ,OUT,8
STAFF,2025,March    ,IN,16
STAFF,2025,March    ,OUT,13
STAFF,2025,May      ,IN,3
STAFF,2025,May      ,OUT,3
TRAINEE,2025,April    ,IN,3
TRAINEE,2025,April    ,OUT,5
TRAINEE,2025,February ,IN,7
TRAINEE,2025,February ,OUT,4
TRAINEE,2025,January  ,IN,2
TRAINEE,2025,June     ,IN,1
TRAINEE,2025,March    ,IN,1
TRAINEE,2025,May      ,IN,2
STAFF,3025,May      ,OUT,1
LABOUR,,,IN,2
LABOUR,,,OUT,2306
OMANI,,,OUT,483
STAFF,,,IN,1
STAFF,,,OUT,636
TRAINEE,,,OUT,23
